City_ID,City,Lat,Lng,Max Temp,Humidity,Cloudiness,Wind Speed,Country,Date
0,georgiyevka,43.0369,74.7114,23.04,63,0,2.24,KZ,1669663624
1,mataura,-46.1927,168.8643,52.32,80,100,1.81,NZ,1669663501
2,ushuaia,-54.8,-68.3,67.66,30,75,12.66,AR,1669663502
3,atuona,-9.8,-139.0333,77.83,73,12,14.72,PF,1669663506
4,minsk,53.9,27.5667,28.15,98,100,5.28,BY,1669663294
5,north bend,43.4065,-124.2243,46.24,93,100,18.41,US,1669663538
6,rikitea,-23.1203,-134.9692,73.56,80,18,6.44,PF,1669663508
7,cairns,-16.9167,145.7667,78.75,89,100,1.14,AU,1669663624
8,bambous virieux,-20.3428,57.7575,75.45,83,75,3.44,MU,1669663505
9,chapais,49.7834,-74.8492,19.18,87,100,8.21,CA,1669663624
10,san carlos de bariloche,-41.1456,-71.3082,78.55,13,0,28.77,AR,1669663542
11,jamestown,42.097,-79.2353,37.02,77,100,9.22,US,1669663501
12,east london,-33.0153,27.9116,68.25,76,84,22.48,ZA,1669663497
13,raudeberg,61.9875,5.1352,47.07,67,100,7.0,NO,1669663625
14,punta arenas,-53.15,-70.9167,55.11,66,100,22.97,CL,1669663507
15,victoria,22.2855,114.1577,77.38,93,5,5.01,HK,1669663304
16,cape town,-33.9258,18.4232,73.9,65,0,6.91,ZA,1669663514
17,saint-augustin,51.226,-58.6502,31.57,88,100,8.1,CA,1669663512
18,hilo,19.7297,-155.09,79.25,91,100,6.91,US,1669663507
19,faanui,-16.4833,-151.75,78.46,73,0,10.89,PF,1669663535
20,avera,33.194,-82.5271,69.31,49,0,13.94,US,1669663517
21,miramar,25.9873,-80.2323,87.03,69,20,8.05,US,1669663443
22,mar del plata,-38.0023,-57.5575,84.83,87,0,20.0,AR,1669663522
23,wattegama,6.7989,81.4808,72.34,91,100,3.09,LK,1669663625
24,bengkulu,-3.8004,102.2655,76.48,88,100,3.53,ID,1669663503
25,barrow,71.2906,-156.7887,-18.38,76,0,11.5,US,1669663502
26,hithadhoo,-0.6,73.0833,80.82,75,47,6.11,MV,1669663523
27,souillac,-20.5167,57.5167,75.58,83,75,3.44,MU,1669663529
28,sakskobing,54.7997,11.626,41.09,82,100,18.45,DK,1669663435
29,matadi,-5.8167,13.45,78.33,87,99,2.75,CD,1669663626
30,kalmunai,7.4167,81.8167,77.43,79,100,6.04,LK,1669663626
31,bachaquero,9.9694,-71.1494,83.41,70,100,5.88,VE,1669663626
32,vardo,70.3705,31.1107,31.98,93,75,9.22,NO,1669663530
33,luderitz,-26.6481,15.1594,61.09,88,45,3.98,NA,1669663534
34,kavieng,-2.5744,150.7967,82.15,66,42,4.63,PG,1669663531
35,bethel,41.3712,-73.414,51.94,61,40,11.5,US,1669663542
36,cidreira,-30.1811,-50.2056,71.64,82,17,16.8,BR,1669663503
37,kaduna,10.5222,7.4383,74.1,24,86,6.91,NG,1669663627
38,badarwas,24.9667,77.5667,59.92,36,0,3.87,IN,1669663627
39,bluff,-46.6,168.3333,53.85,87,100,4.29,NZ,1669663511
40,beringovskiy,63.05,179.3167,28.85,96,100,28.32,RU,1669663551
41,bousso,10.4795,16.7117,78.22,22,52,6.11,TD,1669663627
42,busselton,-33.65,115.3333,58.73,69,0,12.46,AU,1669663510
43,mount isa,-20.7333,139.5,74.97,60,100,5.75,AU,1669663511
44,lixourion,38.2019,20.4314,53.8,68,9,5.88,GR,1669663628
45,mahebourg,-20.4081,57.7,75.49,83,75,3.44,MU,1669663506
46,saint-philippe,-21.3585,55.7679,74.79,75,100,5.32,RE,1669663519
47,juneau,58.3019,-134.4197,29.21,94,40,0.0,US,1669663628
48,verkhnevilyuysk,63.4453,120.3167,-31.36,99,33,3.98,RU,1669663628
49,fort nelson,58.8053,-122.7002,0.99,80,100,6.91,CA,1669663527
50,launceston,-41.45,147.1667,47.8,87,20,6.91,AU,1669663554
51,marsa matruh,31.3525,27.2453,62.8,59,0,5.75,EG,1669663628
52,hobart,-42.8794,147.3294,46.06,80,40,4.61,AU,1669663221
53,victor harbor,-35.5667,138.6167,57.99,69,100,9.24,AU,1669663542
54,palu,-0.8917,119.8707,75.07,94,99,2.42,ID,1669663629
55,chuy,-33.6971,-53.4616,75.54,62,2,14.36,UY,1669663505
56,maarianhamina,60.0973,19.9348,37.26,87,100,3.44,AX,1669663629
57,georgetown,5.4112,100.3354,80.24,89,20,4.61,MY,1669663500
58,grand gaube,-20.0064,57.6608,75.6,77,100,1.99,MU,1669663521
59,viedma,-40.8135,-62.9967,97.0,21,0,16.58,AR,1669663465
60,karasuk,53.7377,78.0403,-11.58,87,38,3.47,RU,1669663629
61,wanning,18.8003,110.3967,77.43,92,14,7.72,CN,1669663629
62,gizo,-8.103,156.8419,82.15,77,100,6.91,SB,1669663629
63,vaini,-21.2,-175.2,80.76,78,20,11.5,TO,1669663512
64,kerrobert,51.9168,-109.1348,10.45,91,100,23.06,CA,1669663629
65,nikolskoye,59.7035,30.7861,26.8,96,87,5.01,RU,1669663528
66,mafeteng,-29.823,27.2374,61.38,56,4,5.12,LS,1669663629
67,freeport,40.6576,-73.5832,55.65,58,40,18.41,US,1669663629
68,samarai,-10.6167,150.6667,81.55,80,100,1.34,PG,1669663630
69,tomigusuku,26.185,127.675,74.97,88,75,10.36,JP,1669663566
70,qaanaaq,77.484,-69.3632,-5.91,89,97,4.52,GL,1669663525
71,port alfred,-33.5906,26.891,68.07,78,7,29.26,ZA,1669663520
72,rosarito,32.3333,-117.0333,63.52,73,99,7.07,MX,1669663630
73,puerto ayora,-0.7393,-90.3518,78.76,80,100,3.0,EC,1669663234
74,sao filipe,14.8961,-24.4956,76.8,62,39,10.49,CV,1669663511
75,kodiak,57.79,-152.4072,26.11,100,100,4.61,US,1669663513
76,saskylakh,71.9167,114.0833,-19.46,96,99,4.9,RU,1669663523
77,upernavik,72.7868,-56.1549,11.3,91,88,14.7,GL,1669663513
78,ancud,-41.8697,-73.8203,61.23,72,80,12.66,CL,1669663543
79,baracoa,20.3467,-74.4958,83.03,68,36,8.12,CU,1669663630
80,pangnirtung,66.1451,-65.7125,10.4,67,100,14.97,CA,1669663528
81,saldanha,-33.0117,17.9442,68.34,64,93,8.93,ZA,1669663471
82,paita,-5.0892,-81.1144,72.72,71,40,16.44,PE,1669663631
83,san cristobal,7.7669,-72.225,75.38,67,100,1.39,VE,1669663515
84,padang,-0.9492,100.3543,75.25,88,84,3.51,ID,1669663565
85,puerto montt,-41.4698,-72.9447,68.83,60,75,8.05,CL,1669663436
86,lebu,-37.6167,-73.65,63.23,72,8,14.45,CL,1669663288
87,dicabisagan,17.0818,122.4157,77.83,88,13,1.23,PH,1669663631
88,haines junction,60.7522,-137.5108,4.95,66,89,3.44,CA,1669663631
89,cayenne,4.9333,-52.3333,82.44,74,40,10.36,GF,1669663545
90,kutum,14.2,24.6667,70.36,24,4,2.24,SD,1669663565
91,cabo san lucas,22.8909,-109.9124,83.61,58,0,8.05,MX,1669663522
92,ugoofaaru,5.6667,73.0,80.74,72,82,1.43,MV,1669663631
93,henties bay,-22.116,14.2845,60.96,78,1,5.48,NA,1669663631
94,goderich,43.7501,-81.7165,36.91,69,100,6.91,CA,1669663632
95,berlevag,70.8578,29.0864,30.15,80,0,17.27,NO,1669663559
96,bredasdorp,-34.5322,20.0403,67.15,80,100,10.31,ZA,1669663510
97,caravelas,-17.7125,-39.2481,75.65,88,100,10.63,BR,1669663545
98,kapaa,22.0752,-159.319,76.98,95,0,5.75,US,1669663505
99,vestmannaeyjar,63.4427,-20.2734,36.88,58,33,6.04,IS,1669663550
100,tura,25.5198,90.2201,60.98,75,0,3.62,IN,1669663556
101,san patricio,28.017,-97.5169,72.32,64,0,4.56,US,1669663517
102,hegang,47.4,130.3667,11.53,95,100,1.72,CN,1669663632
103,nadapuram,11.7,75.6667,74.46,94,100,3.04,IN,1669663633
104,ilulissat,69.2167,-51.1,14.02,62,40,1.14,GL,1669663558
105,lady frere,-31.7031,27.2329,58.3,92,4,4.41,ZA,1669663633
106,bayonet point,28.3267,-82.6834,79.25,48,100,3.0,US,1669663493
107,shache,38.4167,77.2406,28.08,25,100,8.7,CN,1669663633
108,gesves,50.4015,5.0746,45.79,97,100,4.85,BE,1669663529
109,poya,-21.35,165.15,77.72,83,78,5.77,NC,1669663633
110,arraial do cabo,-22.9661,-42.0278,75.16,94,40,12.66,BR,1669663521
111,albany,42.6001,-73.9662,45.88,69,100,5.99,US,1669663209
112,damavand,35.7178,52.065,38.46,65,98,0.98,IR,1669663633
113,ende,-8.8432,121.6623,77.9,85,92,1.68,ID,1669663634
114,tasiilaq,65.6145,-37.6368,24.96,59,64,4.09,GL,1669663520
115,talnakh,69.4865,88.3972,-3.62,98,100,7.96,RU,1669663540
116,tucurui,-3.7661,-49.6725,89.62,47,100,5.41,BR,1669663504
117,ambon,-3.6954,128.1814,78.24,15,40,4.61,ID,1669663507
118,fortuna,40.5982,-124.1573,52.66,95,40,9.22,US,1669663552
119,los llanos de aridane,28.6585,-17.9182,69.12,51,75,9.22,ES,1669663528
120,airai,-8.9266,125.4092,60.62,91,99,1.59,TL,1669663521
121,ambilobe,-13.2,49.05,76.59,75,79,2.66,MG,1669663635
122,pevek,69.7008,170.3133,-0.42,92,60,5.46,RU,1669663543
123,nampula,-15.1165,39.2666,80.55,50,75,13.8,MZ,1669663635
124,bubaque,11.2833,-15.8333,81.32,59,27,11.14,GW,1669663635
125,zigong,29.3416,104.7769,59.67,71,100,6.11,CN,1669663635
126,petrovac,44.3769,21.4192,38.52,78,39,10.94,RS,1669663635
127,norman wells,65.282,-126.8329,-20.16,76,75,3.44,CA,1669663515
128,zhuhai,22.2769,113.5678,76.78,94,40,4.61,CN,1669663635
129,sisimiut,66.9395,-53.6735,20.88,75,100,7.94,GL,1669663635
130,iqaluit,63.7506,-68.5145,-2.47,78,75,39.12,CA,1669663524
131,labuhan,-6.8844,112.2051,77.9,87,100,8.93,ID,1669663636
132,bathsheba,13.2167,-59.5167,83.01,69,40,19.57,BB,1669663545
133,hermanus,-34.4187,19.2345,70.81,73,24,9.75,ZA,1669663524
134,kodoli,16.8833,74.2,73.83,76,92,3.36,IN,1669663636
135,nanortalik,60.1432,-45.2371,35.04,86,100,16.22,GL,1669663543
136,yellowknife,62.456,-114.3525,-8.45,70,75,11.5,CA,1669663513
137,maua,-23.6678,-46.4614,68.36,89,99,10.22,BR,1669663520
138,nyurba,63.2842,118.3319,-30.59,99,45,4.54,RU,1669663636
139,dandong,40.1292,124.3947,30.85,65,40,18.72,CN,1669663637
140,madisonville,37.3281,-87.4989,51.22,69,100,4.85,US,1669663637
141,arecibo,18.4724,-66.7157,84.92,76,37,14.97,PR,1669663637
142,thompson,55.7435,-97.8558,21.36,86,100,16.11,CA,1669663533
143,port elizabeth,-33.918,25.5701,70.11,81,20,20.71,ZA,1669663235
144,ada,43.4166,-116.1262,32.92,90,100,5.75,US,1669663637
145,douglas,41.3,-96.167,55.33,42,0,19.57,US,1669663637
146,dakar,14.6937,-17.4441,79.68,62,4,14.14,SN,1669663546
147,cockburn town,21.4612,-71.1419,80.17,67,84,9.57,TC,1669663543
148,kalemie,-5.9475,29.1947,71.35,81,100,3.11,CD,1669663637
149,ucluelet,48.9329,-125.5528,39.51,93,3,1.97,CA,1669663638
150,betioky,-23.7167,44.3833,73.26,67,4,5.37,MG,1669663638
151,carnarvon,-24.8667,113.6333,71.8,78,0,13.73,AU,1669663528
152,hasaki,35.7333,140.8333,48.6,64,92,23.06,JP,1669663504
153,partizanskoye,55.5006,94.39,-1.64,88,100,16.78,RU,1669663638
154,erzin,36.9559,36.2,57.83,62,100,8.08,TR,1669663422
155,severo-kurilsk,50.6789,156.125,30.33,74,98,27.38,RU,1669663523
156,carutapera,-1.195,-46.02,85.57,59,58,8.16,BR,1669663527
157,sao joao da barra,-21.6403,-41.0511,78.89,89,64,16.89,BR,1669663563
158,wilmington,34.2257,-77.9447,70.95,54,0,10.36,US,1669663638
159,provideniya,64.3833,-173.3,17.53,89,100,10.8,RU,1669663518
160,constitucion,-35.3333,-72.4167,65.25,69,8,6.93,CL,1669663526
161,vao,-22.6667,167.4833,77.76,86,100,16.58,NC,1669663549
162,tual,-5.6667,132.75,84.33,74,100,14.58,ID,1669663639
163,mount pleasant,32.7941,-79.8626,72.3,50,0,14.97,US,1669663552
164,tiksi,71.6872,128.8694,-27.74,99,47,6.62,RU,1669663549
165,yashkul,46.1711,45.3435,34.32,42,19,10.0,RU,1669663639
166,urubicha,-15.3833,-62.95,104.56,14,1,3.04,BO,1669663639
167,alice springs,-23.7,133.8833,56.75,82,0,2.3,AU,1669663299
168,hofn,64.2539,-15.2082,35.62,100,100,5.75,IS,1669663554
169,castro,-24.7911,-50.0119,60.78,97,100,9.44,BR,1669663266
170,kudahuvadhoo,2.6708,72.8944,80.55,69,99,6.4,MV,1669663503
171,kinston,35.2627,-77.5816,69.98,42,0,10.36,US,1669663423
172,oranjemund,-28.55,16.4333,64.06,87,80,11.32,NA,1669663639
173,plauen,50.5,12.1333,38.77,88,100,3.0,DE,1669663639
174,ponta do sol,32.6667,-17.1,68.72,78,48,8.61,PT,1669663522
175,cherskiy,68.75,161.3,0.37,96,100,4.74,RU,1669663536
176,sheltozero,61.3667,35.3667,22.21,87,100,7.78,RU,1669663639
177,tuatapere,-46.1333,167.6833,53.37,77,100,3.42,NZ,1669663551
178,new norfolk,-42.7826,147.0587,45.72,69,36,1.99,AU,1669663522
179,zholymbet,51.7433,71.7122,-12.57,84,15,6.8,KZ,1669663640
180,zhanaozen,43.3,52.8,41.52,72,97,4.27,KZ,1669663640
181,butaritari,3.0707,172.7902,80.83,76,17,7.54,KI,1669663505
182,bowen,-20.0167,148.2333,77.56,86,100,4.21,AU,1669663640
183,tuktoyaktuk,69.4541,-133.0374,-20.2,76,20,6.91,CA,1669663507
184,snyder,32.7179,-100.9176,68.32,32,0,16.11,US,1669663640
185,canyon lake,29.8752,-98.2625,74.41,49,0,3.0,US,1669663466
186,inta,66.0317,60.1659,9.05,92,100,13.35,RU,1669663581
187,mahon,39.8885,4.2658,54.16,87,75,21.85,ES,1669663532
188,bandrele,-12.9067,45.1914,78.55,78,0,4.61,YT,1669663641
189,lorengau,-2.0226,147.2712,81.79,71,56,5.66,PG,1669663523
190,kenora,49.8167,-94.4337,31.17,80,100,12.66,CA,1669663641
191,kirzhach,56.15,38.8667,15.62,97,98,4.74,RU,1669663641
192,quesnel,52.9999,-122.5029,14.5,62,0,6.91,CA,1669663641
193,antofagasta,-23.65,-70.4,65.48,72,54,8.1,CL,1669663325
194,middle island,40.8843,-72.9373,55.51,59,20,14.97,US,1669663641
195,nome,64.5011,-165.4064,6.87,56,0,0.0,US,1669663517
196,atar,20.5169,-13.0499,72.79,15,0,12.59,MR,1669663511
197,khatanga,71.9667,102.5,-18.06,100,100,4.76,RU,1669663522
198,yantal,56.8471,105.2542,-7.15,95,100,8.48,RU,1669663641
199,inhambane,-23.865,35.3833,73.38,94,75,11.5,MZ,1669663641
200,salta,-24.7859,-65.4117,92.57,23,20,11.5,AR,1669663514
201,amboasary,-25.0333,46.3833,74.07,89,31,3.85,MG,1669663641
202,beterou,9.1992,2.2586,81.18,26,94,2.8,BJ,1669663642
203,spring valley,36.108,-115.245,58.12,36,75,6.91,US,1669663642
204,tomatlan,19.9333,-105.25,87.35,47,1,6.49,MX,1669663540
205,wenling,28.3669,121.36,66.85,97,100,3.4,CN,1669663642
206,sedkyrkeshch,61.75,50.9167,21.47,93,75,4.47,RU,1669663642
207,dalvik,65.9702,-18.5286,31.93,66,10,10.65,IS,1669663642
208,shingu,33.7333,135.9833,64.71,90,100,9.86,JP,1669663642
209,clyde river,70.4692,-68.5914,-10.97,77,0,14.97,CA,1669663522
210,tapes,-30.6733,-51.3958,75.2,67,30,16.06,BR,1669663643
211,bethanien,-26.502,17.1583,77.65,33,12,12.84,NA,1669663643
212,narsaq,60.9167,-46.05,41.22,82,100,4.45,GL,1669663643
213,kulhudhuffushi,6.6221,73.07,80.51,71,100,1.7,MV,1669663643
214,tezu,27.9167,96.1667,63.25,39,3,4.85,IN,1669663643
215,korla,41.7597,86.1469,15.94,33,6,21.0,CN,1669663481
216,dehra dun,30.3167,78.0333,57.15,71,0,4.12,IN,1669663643
217,khvoynaya,58.9,34.5333,17.96,97,99,5.39,RU,1669663643
218,nuuk,64.1835,-51.7216,32.61,55,75,10.36,GL,1669663554
219,kumluca,36.3703,30.2869,61.81,61,100,6.2,TR,1669663644
220,port-gentil,-0.7193,8.7815,80.24,78,44,7.31,GA,1669663514
221,summerside,46.3959,-63.7876,38.1,93,100,16.11,CA,1669663644
222,verkhnetulomskiy,68.6073,31.7962,30.33,96,95,4.18,RU,1669663644
223,andros town,24.7,-77.7667,82.36,70,99,8.57,BS,1669663644
224,araouane,18.9048,-3.5265,74.8,16,99,9.53,ML,1669663556
225,yining,29.0361,114.5636,53.64,89,100,6.08,CN,1669663644
226,tabas,33.5959,56.9244,59.22,36,100,2.3,IR,1669663644
227,saint-leu,-21.15,55.2833,74.26,75,100,2.48,RE,1669663644
228,kefamenanu,-9.4467,124.4781,73.67,89,100,1.12,ID,1669663645
229,vila velha,-20.3297,-40.2925,75.15,83,75,8.05,BR,1669663305
230,manay,7.215,126.5397,77.18,86,65,9.17,PH,1669663645
231,touros,-5.1989,-35.4608,82.54,65,98,12.28,BR,1669663645
232,batagay,67.6333,134.6333,-47.27,99,82,1.3,RU,1669663560
233,laguna,38.421,-121.4238,60.06,63,0,8.05,US,1669663564
234,chokurdakh,70.6333,147.9167,-36.08,100,99,2.46,RU,1669663504
235,mitchell,43.7094,-98.0298,46.38,42,0,16.11,US,1669663645
236,codrington,-38.2667,141.9667,49.39,91,79,7.58,AU,1669663521
237,dikson,73.5069,80.5464,-1.08,100,93,3.31,RU,1669663511
238,coihaique,-45.5752,-72.0662,68.61,40,40,12.66,CL,1669663507
239,isangel,-19.55,169.2667,79.66,84,11,9.35,VU,1669663512
240,shimoda,34.6667,138.95,62.1,70,100,15.21,JP,1669663645
241,broome,42.2506,-75.833,40.46,82,100,12.66,US,1669663563
242,arlit,18.7369,7.3853,73.89,19,100,9.1,NE,1669663549
243,hualmay,-11.0964,-77.6139,71.91,70,40,9.6,PE,1669663559
244,lebyazhye,55.2689,66.4947,4.23,74,100,5.75,RU,1669663646
245,dudinka,69.4058,86.1778,2.32,97,93,8.12,RU,1669663646
246,saint george,37.1041,-113.5841,50.43,38,0,4.61,US,1669663518
247,gaoual,11.75,-13.2,80.87,25,100,2.15,GN,1669663646
248,yeppoon,-23.1333,150.7333,71.38,89,100,5.91,AU,1669663337
249,guanajuato,21.0186,-101.2591,75.31,34,100,9.06,MX,1669663646
250,linxia,35.6003,103.2064,21.27,60,0,5.19,CN,1669663646
251,avarua,-21.2078,-159.775,78.85,73,20,18.41,CK,1669663502
252,torbay,47.6666,-52.7314,38.26,96,100,17.27,CA,1669663508
253,soyaux,45.65,0.2,45.23,91,0,3.44,FR,1669663646
254,colares,38.7992,-9.4469,57.33,71,20,8.99,PT,1669663646
255,jibuti,11.5,42.5,72.16,63,38,12.62,DJ,1669663646
256,sheridan,44.8333,-106.9173,28.02,57,100,9.22,US,1669663647
257,marataizes,-21.0433,-40.8244,74.21,91,98,15.7,BR,1669663647
258,katsuura,35.1333,140.3,66.51,64,100,20.74,JP,1669663515
259,maceio,-9.6658,-35.7353,85.44,65,20,14.97,BR,1669663437
260,kaitangata,-46.2817,169.8464,52.12,86,100,2.55,NZ,1669663511
261,tyret pervaya,53.6703,102.3106,0.43,90,100,17.38,RU,1669663647
262,virden,39.5009,-89.7679,47.05,75,40,9.35,US,1669663647
263,neiafu,-18.65,-173.9833,77.68,83,20,5.75,TO,1669663563
264,colquechaca,-18.6667,-66.0167,46.87,32,80,3.47,BO,1669663647
265,darab,28.7519,54.5444,61.79,27,1,1.68,IR,1669663526
266,nishihara,26.1842,127.7558,74.48,88,75,10.36,JP,1669663542
267,nekrasovka,48.3525,135.2325,10.42,78,40,11.18,RU,1669663648
268,kirakira,-10.4544,161.9205,80.19,82,100,4.94,SB,1669663648
269,esna,25.2934,32.554,68.02,29,0,5.57,EG,1669663648
270,roma,43.2128,-75.4557,38.52,83,100,12.66,US,1669663525
271,pimentel,-6.8367,-79.9342,73.69,64,75,12.66,PE,1669663556
272,lucapa,-8.4192,20.7447,64.96,92,100,0.74,AO,1669663566
273,anadyr,64.75,177.4833,28.9,79,100,31.32,RU,1669663648
274,onguday,50.75,86.15,-19.66,95,13,2.01,RU,1669663649
275,sitka,57.0531,-135.33,31.89,64,40,6.91,US,1669663520
276,meulaboh,4.1363,96.1285,77.7,86,100,2.04,ID,1669663502
277,nantucket,41.2835,-70.0995,55.51,69,20,13.8,US,1669663433
278,ca mau,9.1769,105.15,75.2,94,20,3.2,VN,1669663649
279,naze,28.3667,129.4833,72.52,90,100,11.68,JP,1669663506
280,xining,36.6167,101.7667,20.77,58,57,3.65,CN,1669663649
281,sao miguel do iguacu,-25.3481,-54.2378,88.68,68,100,2.21,BR,1669663649
282,leordeni,44.7833,25.1167,38.68,73,100,6.49,RO,1669663649
283,thinadhoo,0.5333,72.9333,80.78,76,18,8.3,MV,1669663515
284,ostersund,63.1792,14.6357,33.62,100,100,42.01,SE,1669663650
285,san quintin,30.4833,-115.95,63.16,68,7,9.31,MX,1669663551
286,madera,37.1666,-119.8343,63.52,46,26,1.99,US,1669663650
287,russell,32.3502,-85.1999,70.88,46,0,13.8,US,1669663650
288,dabat,12.9842,37.765,58.15,57,100,5.37,ET,1669663650
289,bajil,15.0584,43.2851,80.44,63,8,4.79,YE,1669663650
290,erdenet,49.0333,104.0833,-16.74,88,100,4.23,MN,1669663650
291,mehamn,71.0357,27.8492,30.11,86,0,14.97,NO,1669663650
292,portland,45.5234,-122.6762,45.34,89,75,8.01,US,1669663490
293,salalah,17.0151,54.0924,75.29,78,0,2.3,OM,1669663538
294,kyren,51.6828,102.1408,-7.49,88,99,2.19,RU,1669663651
295,kruisfontein,-34.0033,24.7314,67.89,80,30,18.5,ZA,1669663516
296,kloulklubed,7.0419,134.2556,79.3,79,48,16.89,PW,1669663560
297,prince george,53.9166,-122.753,15.26,67,0,10.36,CA,1669663651
298,lata,40.1629,-8.3327,56.8,92,12,2.46,PT,1669663501
299,zasheyek,67.4066,32.5499,20.95,91,100,2.62,RU,1669663651
300,baykit,61.67,96.37,-6.75,97,100,4.41,RU,1669663651
301,bradford,53.7939,-1.7521,44.24,95,100,5.75,GB,1669663613
302,guerrero negro,27.9769,-114.0611,68.16,56,14,10.38,MX,1669663521
303,vostok,46.4856,135.8833,22.03,97,100,2.55,RU,1669663535
304,ballymena,54.8636,-6.2763,42.03,93,46,1.9,GB,1669663651
305,kendari,-3.945,122.4989,76.28,93,100,3.04,ID,1669663651
306,piacabucu,-10.4056,-36.4344,82.51,70,48,16.6,BR,1669663651
307,correntina,-13.3433,-44.6367,73.18,92,100,4.14,BR,1669663652
308,ahipara,-35.1667,173.1667,58.24,76,100,5.79,NZ,1669663548
309,gresham,45.4982,-122.4315,44.83,89,40,5.75,US,1669663652
310,north myrtle beach,33.816,-78.68,71.11,56,0,8.05,US,1669663652
311,port hardy,50.6996,-127.4199,35.78,87,40,5.75,CA,1669663537
312,miles city,46.4083,-105.8406,27.57,54,0,14.97,US,1669663652
313,benguela,-12.5763,13.4055,77.86,79,100,0.67,AO,1669663652
314,esperance,-33.8667,121.9,53.44,84,0,10.02,AU,1669663517
315,anchorage,61.2181,-149.9003,8.65,82,0,4.61,US,1669663652
316,lagoa,39.05,-27.9833,66.61,82,64,28.95,PT,1669663510
317,comodoro rivadavia,-45.8667,-67.5,78.66,41,20,11.5,AR,1669663653
318,longyearbyen,78.2186,15.6401,39.04,75,75,8.05,SJ,1669663510
319,puerto leguizamo,-0.1934,-74.7819,81.01,71,100,1.57,CO,1669663653
320,ustka,54.5805,16.8619,32.65,91,8,14.67,PL,1669663613
321,kahului,20.8947,-156.47,76.84,86,100,10.36,US,1669663562
322,bonthe,7.5264,-12.505,79.41,76,100,8.1,SL,1669663653
323,shenjiamen,29.9576,122.298,65.44,94,100,13.85,CN,1669663563
324,quang ngai,15.1167,108.8,74.93,94,36,4.43,VN,1669663653
325,saint-pierre,-21.3393,55.4781,74.88,64,0,6.91,RE,1669663276
326,milkovo,54.7167,158.6167,23.45,77,100,9.57,RU,1669663533
327,khash,28.2211,61.2158,55.27,26,0,5.66,IR,1669663654
328,tha chang,9.2642,99.1922,79.23,86,88,3.58,TH,1669663654
329,san jeronimo,-11.9472,-75.2829,61.38,50,97,4.52,PE,1669663654
330,namie,37.4833,141.0,61.99,72,100,1.01,JP,1669663654
331,pechenga,69.5259,31.1703,30.97,91,100,15.48,RU,1669663654
332,bulolo,-7.2,146.65,69.12,97,100,1.39,PG,1669663654
333,el alto,-4.2714,-81.2147,80.26,71,39,17.65,PE,1669663654
334,fairbanks,64.8378,-147.7164,-5.84,80,20,6.91,US,1669663539
335,iranshahr,27.2025,60.6848,64.74,19,0,4.61,IR,1669663654
336,ranong,9.9658,98.6348,76.39,89,100,2.98,TH,1669663527
337,ayan,56.45,138.1667,-5.37,92,11,17.38,RU,1669663654
338,mayumba,-3.432,10.6554,76.71,84,99,2.42,GA,1669663654
339,karlskoga,59.3267,14.5239,38.52,95,100,7.38,SE,1669663654
340,necochea,-38.5473,-58.7368,86.59,42,92,12.26,AR,1669663556
341,kiamba,5.9894,124.6242,77.68,86,95,2.84,PH,1669663655
342,kaura namoda,12.5898,6.5779,75.63,20,79,8.14,NG,1669663655
343,opuwo,-18.0607,13.84,73.65,31,100,12.3,NA,1669663655
344,kropotkin,45.4375,40.5756,39.67,69,27,16.67,RU,1669663655
345,adrar,20.5022,-10.0711,70.39,19,0,12.35,MR,1669663539
346,iquique,-20.2208,-70.1431,69.84,66,3,7.43,CL,1669663554
347,lavrentiya,65.5833,-171.0,13.71,96,35,3.18,RU,1669663506
348,sur,22.5667,59.5289,76.55,62,100,3.4,OM,1669663656
349,nyuksenitsa,60.4128,44.2397,12.74,97,100,3.47,RU,1669663656
350,bansi,27.1833,82.9333,63.84,52,0,2.28,IN,1669663656
351,ternate,0.8,127.4,81.0,81,43,6.93,ID,1669663513
352,taoudenni,22.6783,-3.9836,71.31,17,100,13.56,ML,1669663545
353,havre-saint-pierre,50.2334,-63.5986,32.36,74,100,11.5,CA,1669663561
354,gravdal,68.1214,13.5031,40.89,70,20,5.75,NO,1669663537
355,wschowa,51.807,16.3166,38.91,81,75,11.16,PL,1669663656
356,yabelo,4.8833,38.0833,62.24,66,35,15.28,ET,1669663656
357,san carlos del zulia,9.0,-71.9135,81.77,78,100,2.24,VE,1669663656
358,kachug,53.9606,105.8817,-5.75,89,100,9.06,RU,1669663531
359,rize,40.9044,40.8949,33.91,62,16,7.87,TR,1669663656
360,puerto madryn,-42.7692,-65.0385,77.63,56,70,24.36,AR,1669663273
361,kemijarvi,66.7131,27.4306,26.19,94,100,5.37,FI,1669663657
362,abu kamal,34.4506,40.9171,60.8,44,51,6.85,SY,1669663552
363,dombarovskiy,50.7587,59.5386,13.98,83,100,10.36,RU,1669663657
364,cleethorpes,53.5605,-0.0323,43.12,100,100,3.44,GB,1669663610
365,devils lake,48.1128,-98.8651,26.58,71,0,21.85,US,1669663657
366,ribeira grande,38.5167,-28.7,68.4,88,75,23.02,PT,1669663537
367,almaznyy,48.0448,40.045,28.83,54,14,13.62,RU,1669663557
368,geraldton,-28.7667,114.6,75.49,44,0,12.84,AU,1669663502
369,gradsko,41.5775,21.9428,39.51,83,27,0.63,MK,1669663657
370,kiunga,-6.1219,141.2906,71.44,100,100,4.68,PG,1669663657
371,mount gambier,-37.8333,140.7667,47.84,96,42,4.27,AU,1669663657
372,fukuma,33.7667,130.4667,66.2,94,100,9.06,JP,1669663658
373,chulman,56.8479,124.9104,-22.61,98,100,4.18,RU,1669663658
374,kidal,18.4411,1.4078,76.89,18,100,9.1,ML,1669663658
375,xuanhua,40.6103,115.0447,13.15,34,1,20.49,CN,1669663658
376,kachiry,53.0675,76.1036,-10.52,90,18,4.59,KZ,1669663561
377,coquimbo,-29.9533,-71.3436,64.13,72,75,10.36,CL,1669663383
378,octeville,49.6261,-1.6435,50.49,76,75,11.5,FR,1669663658
379,eureka,40.8021,-124.1637,52.93,85,98,3.0,US,1669663658
380,kamenice nad lipou,49.303,15.0752,36.05,93,100,13.09,CZ,1669663658
381,trairi,-3.2778,-39.2689,84.04,59,100,11.05,BR,1669663517
382,limbang,4.75,115.0,78.91,98,40,1.92,MY,1669663659
383,miri,4.4148,114.0089,77.14,94,40,0.0,MY,1669663659
384,kisangani,0.5167,25.2,66.88,91,100,3.0,CD,1669663659
385,itaituba,-4.2761,-55.9836,86.16,74,40,5.75,BR,1669663659
386,eirunepe,-6.6603,-69.8736,86.79,60,87,2.71,BR,1669663659
387,dunedin,-45.8742,170.5036,54.81,88,100,1.99,NZ,1669663310
388,esil,51.9556,66.4042,6.46,74,100,11.48,KZ,1669663659
389,kajaani,64.2273,27.7285,26.65,93,75,5.75,FI,1669663555
390,fukue,32.6881,128.8419,70.48,90,100,22.17,JP,1669663660
391,mana,5.6592,-53.7767,78.66,87,100,7.11,GF,1669663660
392,oxapampa,-10.5775,-75.4017,70.11,75,89,2.42,PE,1669663660
393,privolzhskiy,51.4,46.0333,21.31,47,3,12.82,RU,1669663660
394,xai-xai,-25.0519,33.6442,73.56,67,100,15.7,MZ,1669663660
395,chimbote,-9.0853,-78.5783,71.4,73,49,9.69,PE,1669663660
396,dali,25.7,100.1833,46.36,84,0,4.85,CN,1669663660
397,big spring,32.2504,-101.4787,70.23,22,0,23.02,US,1669663660
398,cabra,37.4725,-4.4421,50.04,57,10,1.12,ES,1669663660
399,iracoubo,5.4802,-53.2011,80.55,76,94,7.72,GF,1669663660
400,namibe,-15.1961,12.1522,70.54,85,98,8.3,AO,1669663512
401,nouadhibou,20.931,-17.0347,76.98,41,0,10.36,MR,1669663532
402,valley city,46.9233,-98.0032,32.52,74,75,19.57,US,1669663661
403,aklavik,68.2191,-135.0107,-22.52,92,78,4.34,CA,1669663544
404,tignere,7.3667,12.65,69.3,33,1,3.6,CM,1669663661
405,tobermory,45.2501,-81.6665,32.11,66,100,5.68,CA,1669663661
406,faya,18.3851,42.4509,59.11,67,7,2.44,SA,1669663569
407,bandarbeyla,9.4942,50.8122,78.17,70,98,18.75,SO,1669663661
408,kenai,60.5544,-151.2583,14.14,90,0,4.61,US,1669663661
409,sakakah,29.9697,40.2064,63.97,58,100,9.31,SA,1669663470
410,innisfail,-17.5333,146.0333,75.4,85,100,2.37,AU,1669663661
411,ban nahin,18.2418,104.2122,74.62,88,83,2.35,LA,1669663662
412,kabinda,-6.1333,24.4833,67.23,92,100,0.31,CD,1669663662
413,mao,39.8885,4.2658,54.16,87,75,21.85,ES,1669663662
414,port lincoln,-34.7333,135.8667,57.92,68,96,8.3,AU,1669663550
415,pilar do sul,-23.8131,-47.7164,73.9,67,79,10.71,BR,1669663452
416,ayr,55.4627,-4.6339,38.32,100,40,0.0,GB,1669663662
417,lukulu,-14.3707,23.242,67.15,87,48,4.97,ZM,1669663662
418,westerland,54.9079,8.3033,40.01,100,100,13.8,DE,1669663412
419,mayo,38.8876,-76.5119,54.48,56,75,10.36,US,1669663663
420,jurm,36.8648,70.8342,44.74,57,100,0.65,AF,1669663663
421,joshimath,30.5667,79.5667,49.57,19,0,8.03,IN,1669663663
422,aguas formosas,-17.0822,-40.9358,80.06,79,94,3.49,BR,1669663663
423,sobolevo,54.4299,31.8996,29.41,97,100,9.78,RU,1669663559
424,phalombe,-15.8064,35.6507,70.36,87,100,7.45,MW,1669663663
425,prado,-17.3411,-39.2208,75.92,90,100,9.95,BR,1669663663
426,birao,10.2849,22.7882,77.81,26,80,4.34,CF,1669663663
427,kiama,-34.6833,150.8667,61.0,78,0,1.99,AU,1669663664
428,bereda,43.2686,-7.5406,47.57,99,38,2.57,ES,1669663664
429,komsomolskiy,40.4272,71.7189,47.12,66,40,11.5,UZ,1669663664
430,plouzane,48.3833,-4.6167,50.05,90,40,8.05,FR,1669663664
431,nuevo casas grandes,30.4167,-107.9167,65.75,16,97,18.01,MX,1669663664
432,san andres,12.5847,-81.7006,86.02,70,20,13.8,CO,1669663664
433,mercedes,-34.6515,-59.4307,95.04,17,7,12.57,AR,1669663664
434,itoman,26.1247,127.6694,75.22,88,75,10.36,JP,1669663455
435,ballater,57.0493,-3.0402,36.3,88,6,2.73,GB,1669663664
436,canutama,-6.5339,-64.3831,89.17,54,96,1.48,BR,1669663664
437,dawlatabad,36.4141,64.9053,52.5,61,31,3.11,AF,1669663664
438,les cayes,18.2,-73.75,83.5,65,77,5.26,HT,1669663665
439,san bartolome de tirajana,27.9248,-15.5733,61.27,80,20,21.85,ES,1669663665
440,teramo,42.65,13.6833,48.13,74,100,1.74,IT,1669663617
441,hastings,50.8552,0.5729,47.52,92,100,3.96,GB,1669663665
442,bilma,18.6853,12.9164,66.81,22,100,9.06,NE,1669663665
443,shahr-e kord,32.3256,50.8644,37.17,52,0,4.61,IR,1669663665
444,oktyabrskoye,43.0645,44.7417,35.74,100,100,8.95,RU,1669663665
445,srednekolymsk,67.45,153.6833,-15.45,99,100,7.14,RU,1669663554
446,richards bay,-28.783,32.0377,67.35,75,95,3.4,ZA,1669663508
447,sira,13.7453,76.9092,75.65,67,92,1.74,IN,1669663665
448,sheboygan,43.7333,-87.9334,43.48,69,75,12.66,US,1669663665
449,madaoua,14.073,5.96,76.35,16,100,8.39,NE,1669663665
450,wajir,1.7471,40.0573,83.82,56,100,8.28,KE,1669663666
451,broken hill,-31.95,141.4333,54.93,62,0,14.56,AU,1669663553
452,kirensk,57.7853,108.1119,-9.24,95,100,8.59,RU,1669663666
453,penzance,50.1186,-5.5371,48.88,77,5,18.5,GB,1669663666
454,klaksvik,62.2266,-6.589,47.32,87,2,12.1,FO,1669663339
455,tigil,57.8,158.6667,24.28,98,100,3.04,RU,1669663666
456,beisfjord,68.3751,17.5988,33.85,86,97,8.66,NO,1669663666
457,paamiut,61.994,-49.6678,34.23,82,100,11.21,GL,1669663517
458,trelew,-43.249,-65.3051,89.87,25,40,20.71,AR,1669663611
459,skibbereen,51.55,-9.2667,50.11,87,81,5.21,IE,1669663538
460,manta,-0.95,-80.7333,80.38,65,75,9.22,EC,1669663666
461,sao felix do xingu,-6.6447,-51.995,78.39,91,100,3.06,BR,1669663666
462,penne,42.4538,13.9299,46.78,78,100,1.74,IT,1669663429
463,yamethin,20.4333,96.15,72.5,86,8,3.15,MM,1669663668
464,biak,-0.9131,122.8766,76.15,80,19,2.84,ID,1669663516
465,yugorsk,61.3133,63.3319,2.79,90,100,3.83,RU,1669663668
466,tautira,-17.7333,-149.15,76.98,79,6,12.08,PF,1669663668
467,lasa,46.6166,10.7002,38.35,97,100,1.83,IT,1669663541
468,abu samrah,35.3029,37.1841,56.46,67,100,13.85,SY,1669663560
469,hollins,37.3413,-79.9431,55.47,61,75,13.8,US,1669663668
470,cubuk,40.2386,33.0322,39.76,87,75,3.44,TR,1669663669
471,mezen,65.8522,44.24,19.85,95,93,7.07,RU,1669663669
472,deputatskiy,69.3,139.9,-37.16,99,29,4.16,RU,1669663528
473,gouyave,12.1646,-61.7296,81.37,74,75,18.41,GD,1669663669
474,hamilton,39.1834,-84.5333,46.89,85,100,4.61,US,1669663570
475,luang prabang,19.8856,102.1347,69.84,99,27,1.03,LA,1669663669
476,kamenka,51.3223,42.7678,24.46,57,19,9.26,RU,1669663669
477,zaraza,9.3503,-65.3245,78.94,87,98,4.14,VE,1669663669
478,saint-denis,48.9167,2.3333,47.17,91,75,6.91,FR,1669663517
479,yar-sale,66.8333,70.8333,11.39,94,100,6.26,RU,1669663555
480,sokoni,-6.4333,39.55,78.66,79,22,11.5,TZ,1669663669
481,venado tuerto,-33.7456,-61.9688,94.77,16,93,12.39,AR,1669663669
482,mulchen,-37.7167,-72.2333,84.06,14,5,6.33,CL,1669663669
483,hervey bay,-25.2986,152.8535,73.33,85,100,11.54,AU,1669663670
484,tiznit,29.5833,-9.5,63.09,50,0,1.12,MA,1669663670
485,te anau,-45.4167,167.7167,50.94,93,98,2.01,NZ,1669663518
486,rio gallegos,-51.6226,-69.2181,64.45,59,100,5.75,AR,1669663670
487,salinopolis,-0.6136,-47.3561,84.47,63,87,9.98,BR,1669663503
488,bardiyah,31.7561,25.0865,63.68,50,10,2.66,LY,1669663670
489,griffith,41.5284,-87.4237,46.26,64,100,12.66,US,1669663541
490,igrim,63.1906,64.4162,4.98,93,100,4.61,RU,1669663670
491,sao jose da coroa grande,-8.8978,-35.1478,81.59,68,19,14.05,BR,1669663670
492,pottsville,40.6857,-76.1955,48.63,74,100,3.0,US,1669663670
493,okhotsk,59.3833,143.3,-2.33,83,99,17.31,RU,1669663564
494,alugan,12.2188,125.4808,80.53,84,63,11.27,PH,1669663670
495,yongzhou,26.4559,111.5988,56.46,87,100,14.83,CN,1669663671
496,ixtapa,20.7,-105.2,78.03,57,0,6.91,MX,1669663570
497,orcopampa,-15.2661,-72.3417,59.63,42,90,10.87,PE,1669663671
498,niamtougou,9.7681,1.1053,78.73,27,81,2.51,TG,1669663671
499,harwich,51.9419,1.2844,49.24,86,97,4.0,GB,1669663671
500,tukrah,32.5341,20.5791,63.28,74,2,8.08,LY,1669663672
501,yarkovo,57.4028,67.0786,-3.24,89,23,5.41,RU,1669663672
502,cassilandia,-19.1133,-51.7342,89.44,28,54,9.4,BR,1669663672
503,bukama,-9.2,25.85,68.81,92,90,1.43,CD,1669663672
504,debno,52.739,14.698,39.34,84,99,9.48,PL,1669663672
505,qingquan,30.4511,115.2559,52.95,91,100,10.27,CN,1669663672
506,tekeli,44.83,78.8239,8.19,49,8,10.65,KZ,1669663672
507,port-cartier,50.0334,-66.8654,30.74,73,100,14.07,CA,1669663673
508,venustiano carranza,19.43,-99.0992,75.09,35,40,4.61,MX,1669663673
509,santa maria,-29.6842,-53.8069,85.3,39,20,18.41,BR,1669663529
510,bratsk,56.1325,101.6142,-8.66,94,100,17.6,RU,1669663673
511,tilichiki,60.4667,166.1,32.83,95,100,21.14,RU,1669663673
512,sycow,51.3081,17.7198,37.83,84,7,10.92,PL,1669663673
513,santa rosa,14.3122,121.1114,80.58,91,20,8.57,PH,1669663553
514,neuquen,-38.9516,-68.0591,93.09,33,20,4.61,AR,1669663561
515,sao francisco,-15.9486,-44.8644,82.09,69,98,2.06,BR,1669663673
516,oktyabrskiy,54.4815,53.471,-1.88,100,92,3.13,RU,1669663674
517,banjar,-8.19,114.9675,77.49,88,99,2.82,ID,1669663674
518,northam,51.0333,-4.2167,48.38,79,25,12.37,GB,1669663552
519,daru,-9.0763,143.2092,77.94,88,100,6.55,PG,1669663674
520,brae,60.3964,-1.353,47.34,87,7,10.58,GB,1669663674
521,fredericksburg,38.3032,-77.4605,58.44,55,40,11.99,US,1669663674
522,ust-koksa,50.2696,85.6108,-15.92,85,24,1.1,RU,1669663674
523,new iberia,30.0035,-91.8187,74.97,40,0,4.61,US,1669663675
524,punta de bombon,-17.1717,-71.7931,69.94,74,94,10.25,PE,1669663675
525,sao luis de montes belos,-16.525,-50.3722,88.36,37,44,8.19,BR,1669663675
526,hirara,24.8,125.2833,78.51,79,0,11.86,JP,1669663675
527,olga,43.7444,135.2892,31.21,93,100,11.97,RU,1669663675
528,gaoua,10.2992,-3.2508,83.61,22,100,4.07,BF,1669663675
529,natchitoches,31.7668,-93.1335,72.45,46,0,4.61,US,1669663675
530,itarema,-2.9248,-39.9167,84.2,60,90,14.43,BR,1669663675
531,ola,59.5833,151.2833,12.16,78,100,14.81,RU,1669663549
532,abay,49.6311,72.8539,-9.02,74,0,10.4,KZ,1669663552
533,moerai,-22.4333,-151.3333,74.57,81,84,17.25,PF,1669663675
534,kawalu,-7.3817,108.2082,71.01,97,100,1.16,ID,1669663676
535,garden city,42.3256,-83.331,43.9,62,100,5.75,US,1669663676
536,hambantota,6.1241,81.1185,77.4,83,100,8.03,LK,1669663677
537,rafraf,37.1904,10.1837,55.71,66,7,13.51,TN,1669663677
538,grenchen,47.1921,7.3959,46.54,95,100,4.61,CH,1669663677
539,shahrud,36.4182,54.9763,44.06,72,45,5.55,IR,1669663677
540,zheleznodorozhnyy,55.7503,38.0042,24.35,97,84,4.9,RU,1669663678
541,sioux lookout,50.1001,-91.917,30.27,74,100,11.5,CA,1669663678
542,muros,42.7762,-9.0603,53.1,92,100,7.99,ES,1669663436
543,marienburg,54.0359,19.0266,37.89,93,26,7.94,PL,1669663678
544,porto belo,-27.1578,-48.5531,71.55,94,100,16.91,BR,1669663575
545,ahuimanu,21.4447,-157.8378,74.91,89,75,4.61,US,1669663679
546,gejiu,23.306,103.1635,51.17,90,0,2.15,CN,1669663679
547,abu dhabi,24.4667,54.3667,80.62,74,0,3.44,AE,1669663389
548,havelock,34.8791,-76.9013,68.95,58,61,8.01,US,1669663679
549,visby,57.6409,18.296,38.05,93,100,9.22,SE,1669663679
550,morris,40.8334,-74.5329,49.82,68,75,11.5,US,1669663679
551,flinders,-34.5833,150.8552,58.17,77,0,3.0,AU,1669663547
